alexandria, ghcr.io/ocicl/alexandria@sha256:e433c2e076ed3bcf8641b97b00192680db2201d305efac9293539dee88c7fbf7, alexandria-20240503-8514d8e/alexandria.asd
anaphora, ghcr.io/ocicl/anaphora@sha256:55f1c61b7826c5451a60b4b4522e35e770504bbfa2036d8becbf21f6d654925a, anaphora-20240503-bcf0f74/anaphora.asd
async-process, ghcr.io/ocicl/async-process@sha256:5df22bae64ba405be0149bda90c268a3dbdbb07809d44a6db5c62924069abaeb, async-process-20251124-ad9f07c/src/async-process.asd
babel, ghcr.io/ocicl/babel@sha256:9d9fcde71acc2b5c39572de4f11756a08c1d8801caa86c581b85dabaa35928b3, babel-20250905-4eaf3f2/babel.asd
babel-streams, ghcr.io/ocicl/babel@sha256:9d9fcde71acc2b5c39572de4f11756a08c1d8801caa86c581b85dabaa35928b3, babel-20250905-4eaf3f2/babel-streams.asd
babel-tests, ghcr.io/ocicl/babel@sha256:9d9fcde71acc2b5c39572de4f11756a08c1d8801caa86c581b85dabaa35928b3, babel-20250905-4eaf3f2/babel-tests.asd
bordeaux-threads, ghcr.io/ocicl/bordeaux-threads@sha256:bbb32afe3987e102149cc019f4f7366a05f7a37d1503f5f86a27745e671c320a, bordeaux-threads-0.9.4/bordeaux-threads.asd
bt-semaphore, ghcr.io/ocicl/bt-semaphore@sha256:60e212f93b44b30dbb36f8d66a42b2b380d9ab0e7e226b74a258197f7f5d0eec, bt-semaphore-20240503-46b4bf3/bt-semaphore.asd
bt-semaphore-test, ghcr.io/ocicl/bt-semaphore@sha256:60e212f93b44b30dbb36f8d66a42b2b380d9ab0e7e226b74a258197f7f5d0eec, bt-semaphore-20240503-46b4bf3/bt-semaphore-test.asd
cffi, ghcr.io/ocicl/cffi-grovel@sha256:130bc2ce90ec50fa3c34c33d6dd5d27a06877fe8f7027154ce5a61ca1f84e561, cffi-20260624-c6cf225/cffi.asd
cffi-examples, ghcr.io/ocicl/cffi-grovel@sha256:130bc2ce90ec50fa3c34c33d6dd5d27a06877fe8f7027154ce5a61ca1f84e561, cffi-20260624-c6cf225/cffi-examples.asd
cffi-grovel, ghcr.io/ocicl/cffi-grovel@sha256:130bc2ce90ec50fa3c34c33d6dd5d27a06877fe8f7027154ce5a61ca1f84e561, cffi-20260624-c6cf225/cffi-grovel.asd
cffi-libffi, ghcr.io/ocicl/cffi-grovel@sha256:130bc2ce90ec50fa3c34c33d6dd5d27a06877fe8f7027154ce5a61ca1f84e561, cffi-20260624-c6cf225/cffi-libffi.asd
cffi-tests, ghcr.io/ocicl/cffi-grovel@sha256:130bc2ce90ec50fa3c34c33d6dd5d27a06877fe8f7027154ce5a61ca1f84e561, cffi-20260624-c6cf225/cffi-tests.asd
cffi-toolchain, ghcr.io/ocicl/cffi-grovel@sha256:130bc2ce90ec50fa3c34c33d6dd5d27a06877fe8f7027154ce5a61ca1f84e561, cffi-20260624-c6cf225/cffi-toolchain.asd
cffi-uffi-compat, ghcr.io/ocicl/cffi-grovel@sha256:130bc2ce90ec50fa3c34c33d6dd5d27a06877fe8f7027154ce5a61ca1f84e561, cffi-20260624-c6cf225/cffi-uffi-compat.asd
chanl, ghcr.io/ocicl/chanl@sha256:ea6d3c99454dbe5df300a0754ce48553cdd0517ac7b051e61566b795aa155f47, chanl-20250130-d61f340/chanl.asd
chipz, ghcr.io/ocicl/chipz@sha256:fae0fae0c93199ba57c92d9102245a55c8a2c12af4442e0b141d5670bef4f2f0, chipz-20240503-6f80368/chipz.asd
chunga, ghcr.io/ocicl/chunga@sha256:a2558d54ac5d4ccdbf49d7b51fcb074762d77e263ec67245f6d2928477b6d19a, chunga-20250814-1310e96/chunga.asd
cl-base64, ghcr.io/ocicl/cl-base64@sha256:702412dbc1ed825e275fb23e22c29527eb786bf644e47c7621bf0dbb34e17c7e, cl-base64-20240503-80496b7/cl-base64.asd
cl-base64-tests, ghcr.io/ocicl/cl-base64@sha256:702412dbc1ed825e275fb23e22c29527eb786bf644e47c7621bf0dbb34e17c7e, cl-base64-20240503-80496b7/cl-base64-tests.asd
cl-change-case, ghcr.io/ocicl/cl-change-case@sha256:03efab4c388962dc0d4b27fdbcfba9ab0a4d2c6058723ca1d3c0f03f545b2f63, cl-change-case-1.0/cl-change-case.asd
cl-cookie, ghcr.io/ocicl/cl-cookie@sha256:2c3efe5b8518a09dcca46c2180593e75c02a0c8b45583a7549b916a2f2fb023d, cl-cookie-20260406-355f9c1/cl-cookie.asd
cl-cookie-test, ghcr.io/ocicl/cl-cookie@sha256:2c3efe5b8518a09dcca46c2180593e75c02a0c8b45583a7549b916a2f2fb023d, cl-cookie-20260406-355f9c1/cl-cookie-test.asd
cl-mustache, ghcr.io/ocicl/cl-mustache@sha256:d9edbcca2bebf7acbe786798d592a495595b8e8aaa8653b40d35fec2a27ae61f, cl-mustache-20240927-4d1208c/cl-mustache.asd
cl-mustache-test, ghcr.io/ocicl/cl-mustache@sha256:d9edbcca2bebf7acbe786798d592a495595b8e8aaa8653b40d35fec2a27ae61f, cl-mustache-20240927-4d1208c/cl-mustache-test.asd
cl-postgres_plus_local-time, ghcr.io/ocicl/local-time@sha256:15dc0e56d0ff55bd2a3c597e67be1c26bd0677c230a15ad5098c5207a9df5554, local-time-20250808-c28f38e/cl-postgres+local-time.asd
cl-ppcre, ghcr.io/ocicl/cl-ppcre@sha256:bf073924cf4fd5957a4fd961a95d446ed0e53fa32a5002cbd2d52182874f45e5, cl-ppcre-20250606-a2ea581/cl-ppcre.asd
cl-ppcre-unicode, ghcr.io/ocicl/cl-ppcre@sha256:bf073924cf4fd5957a4fd961a95d446ed0e53fa32a5002cbd2d52182874f45e5, cl-ppcre-20250606-a2ea581/cl-ppcre-unicode.asd
cl-unicode, ghcr.io/ocicl/cl-unicode@sha256:d98f12c1271fb3c1812a27d64dfbe95b0bc5bcfd545b71b8101874e61270b120, cl-unicode-20240503-07e7ff5/cl-unicode.asd
cl-utilities, ghcr.io/ocicl/cl-utilities@sha256:e5e0676a4e0627332a0fe64d56ed4f1890f0466d715a11e8d95561b4c2baa38f, cl-utilities-20240503-6b4de39/cl-utilities.asd
cl_plus_ssl, ghcr.io/ocicl/cl_plus_ssl@sha256:d50fbbba38827e835eec2415744e0fb05a2a0bf4d44940cdc23922f15036efe5, cl-plus-ssl-20251220-499b2f5/cl+ssl.asd
cl_plus_ssl.test, ghcr.io/ocicl/cl_plus_ssl@sha256:d50fbbba38827e835eec2415744e0fb05a2a0bf4d44940cdc23922f15036efe5, cl-plus-ssl-20251220-499b2f5/cl+ssl.test.asd
closer-mop, ghcr.io/ocicl/closer-mop@sha256:39ec579e68118a8be57a7882812ff31094a031f88b77f11cf4434a92261f1126, closer-mop-20260329-04db182/closer-mop.asd
command-line-arguments, ghcr.io/ocicl/command-line-arguments@sha256:f21c79fdae342967c60c50fda5fa412655c5a78cab729d931acfbb8bc294ed8c, command-line-arguments-20240503-5008c4e/command-line-arguments.asd
deploy, ghcr.io/ocicl/deploy@sha256:037fecd7543760ff4008d46d77a71d7129604d3e0ade2fd45583a5fdd82ad637, deploy-20260414-741ea8e/deploy.asd
deploy-macos-test, ghcr.io/ocicl/deploy@sha256:037fecd7543760ff4008d46d77a71d7129604d3e0ade2fd45583a5fdd82ad637, deploy-20260414-741ea8e/test/macos/deploy-macos-test.asd
deploy-test, ghcr.io/ocicl/deploy@sha256:037fecd7543760ff4008d46d77a71d7129604d3e0ade2fd45583a5fdd82ad637, deploy-20260414-741ea8e/test/deploy-test.asd
deploy-test-app, ghcr.io/ocicl/deploy@sha256:037fecd7543760ff4008d46d77a71d7129604d3e0ade2fd45583a5fdd82ad637, deploy-20260414-741ea8e/test/macos/deploy-test-app.asd
dexador, ghcr.io/ocicl/dexador@sha256:2e1ffc553039088c4ef9d30dc34f6b436fcccfa911340eb50f42199cd235394a, dexador-20260406-f068b40/dexador.asd
dexador-test, ghcr.io/ocicl/dexador@sha256:2e1ffc553039088c4ef9d30dc34f6b436fcccfa911340eb50f42199cd235394a, dexador-20260406-f068b40/dexador-test.asd
dexador-usocket, ghcr.io/ocicl/dexador@sha256:2e1ffc553039088c4ef9d30dc34f6b436fcccfa911340eb50f42199cd235394a, dexador-20260406-f068b40/dexador-usocket.asd
dissect, ghcr.io/ocicl/dissect@sha256:349ad54095f9094d7fd90785e53ac4fbc2ce530269e9d81da5a7f27fe0e8bbdb, dissect-20260410-7047690/dissect.asd
documentation-utils, ghcr.io/ocicl/documentation-utils@sha256:b2a1b3f3bcd1a738af85ae2b0168d408c177661eab6d6bbebb254e394d983f54, documentation-utils-20230511-98630dd/documentation-utils.asd
fast-http, ghcr.io/ocicl/fast-http@sha256:1eb91157b8adb9c46c7b80cd0078819d49d6ec397c7a7a072c94dbfab3271964, fast-http-20260406-03d440d/fast-http.asd
fast-http-test, ghcr.io/ocicl/fast-http@sha256:1eb91157b8adb9c46c7b80cd0078819d49d6ec397c7a7a072c94dbfab3271964, fast-http-20260406-03d440d/fast-http-test.asd
fast-io, ghcr.io/ocicl/fast-io@sha256:7ba35a0eddf00b3c25656b3c5a93e95460f6cb8f807afbc04ef4f50076d95aff, fast-io-20240503-a4c5ad6/fast-io.asd
fast-io-test, ghcr.io/ocicl/fast-io@sha256:7ba35a0eddf00b3c25656b3c5a93e95460f6cb8f807afbc04ef4f50076d95aff, fast-io-20240503-a4c5ad6/fast-io-test.asd
flexi-streams, ghcr.io/ocicl/flexi-streams@sha256:95005b06a8a95c82780c75ead53810bcb273d07fcf5fe76b527f1856df9923f2, flexi-streams-20240503-4951d57/flexi-streams.asd
flexi-streams-test, ghcr.io/ocicl/flexi-streams@sha256:95005b06a8a95c82780c75ead53810bcb273d07fcf5fe76b527f1856df9923f2, flexi-streams-20240503-4951d57/flexi-streams-test.asd
global-vars, ghcr.io/ocicl/global-vars@sha256:d197e871c9c9abc4bf31b1186f5fd28f0ca848ebe2e9dddf2d82ecee01dbdc65, global-vars-20240503-c749f32/global-vars.asd
global-vars-test, ghcr.io/ocicl/global-vars@sha256:d197e871c9c9abc4bf31b1186f5fd28f0ca848ebe2e9dddf2d82ecee01dbdc65, global-vars-20240503-c749f32/global-vars-test.asd
inquisitor, ghcr.io/ocicl/inquisitor@sha256:aea0347743cae043a7d2a9decad50bec2fefb69b809b6452e93b7ff6427150a5, inquisitor-20240503-423fa9b/inquisitor.asd
inquisitor-flexi, ghcr.io/ocicl/inquisitor@sha256:aea0347743cae043a7d2a9decad50bec2fefb69b809b6452e93b7ff6427150a5, inquisitor-20240503-423fa9b/inquisitor-flexi.asd
inquisitor-flexi-test, ghcr.io/ocicl/inquisitor@sha256:aea0347743cae043a7d2a9decad50bec2fefb69b809b6452e93b7ff6427150a5, inquisitor-20240503-423fa9b/inquisitor-flexi-test.asd
inquisitor-test, ghcr.io/ocicl/inquisitor@sha256:aea0347743cae043a7d2a9decad50bec2fefb69b809b6452e93b7ff6427150a5, inquisitor-20240503-423fa9b/inquisitor-test.asd
introspect-environment, ghcr.io/ocicl/introspect-environment@sha256:4fa482690dee130996f1d0f89b470e0e84c92f22caea7649d3b83ce3e49c78ba, introspect-environment-20240503-69a50ac/introspect-environment.asd
introspect-environment-test, ghcr.io/ocicl/introspect-environment@sha256:4fa482690dee130996f1d0f89b470e0e84c92f22caea7649d3b83ce3e49c78ba, introspect-environment-20240503-69a50ac/introspect-environment-test.asd
iolib, ghcr.io/ocicl/iolib@sha256:953f1cb142e647da50562d51eca562afc2c5b941b89ae622332b53c7dbed7e1b, iolib-20240503-396cc43/iolib.asd
iolib.asdf, ghcr.io/ocicl/iolib@sha256:953f1cb142e647da50562d51eca562afc2c5b941b89ae622332b53c7dbed7e1b, iolib-20240503-396cc43/iolib.asdf.asd
iolib.base, ghcr.io/ocicl/iolib@sha256:953f1cb142e647da50562d51eca562afc2c5b941b89ae622332b53c7dbed7e1b, iolib-20240503-396cc43/iolib.base.asd
iolib.common-lisp, ghcr.io/ocicl/iolib@sha256:953f1cb142e647da50562d51eca562afc2c5b941b89ae622332b53c7dbed7e1b, iolib-20240503-396cc43/iolib.common-lisp.asd
iolib.conf, ghcr.io/ocicl/iolib@sha256:953f1cb142e647da50562d51eca562afc2c5b941b89ae622332b53c7dbed7e1b, iolib-20240503-396cc43/iolib.conf.asd
iolib.examples, ghcr.io/ocicl/iolib@sha256:953f1cb142e647da50562d51eca562afc2c5b941b89ae622332b53c7dbed7e1b, iolib-20240503-396cc43/iolib.examples.asd
iterate, ghcr.io/ocicl/iterate@sha256:6950c55e3782d58cabbbb5753111a70d8cafab8348b7fd6f2143d9abeaab46fb, iterate-20250703-d27d7ff/iterate.asd
jsonrpc, ghcr.io/ocicl/jsonrpc@sha256:e1c740cddf190b3d1c8dcebf7616947e4b53931c9cf9b81d4f9eda8efeb42b91, jsonrpc-20250803-42fa96e/jsonrpc.asd
lem, ghcr.io/ocicl/lem-language-server@sha256:fe03b30d748220ead2d487f940352820fc49acb0f51c66443b15d427199b8ae3, lem-20250810-bbe1ed3b/lem.asd
lem-asciidoc-mode, ghcr.io/ocicl/lem-language-server@sha256:fe03b30d748220ead2d487f940352820fc49acb0f51c66443b15d427199b8ae3, lem-20250810-bbe1ed3b/extensions/asciidoc-mode/lem-asciidoc-mode.asd
lem-asm-mode, ghcr.io/ocicl/lem-language-server@sha256:fe03b30d748220ead2d487f940352820fc49acb0f51c66443b15d427199b8ae3, lem-20250810-bbe1ed3b/extensions/asm-mode/lem-asm-mode.asd
lem-base16-themes, ghcr.io/ocicl/lem-language-server@sha256:fe03b30d748220ead2d487f940352820fc49acb0f51c66443b15d427199b8ae3, lem-20250810-bbe1ed3b/extensions/lem-base16-themes/lem-base16-themes.asd
lem-base16-themes-generate, ghcr.io/ocicl/lem-language-server@sha256:fe03b30d748220ead2d487f940352820fc49acb0f51c66443b15d427199b8ae3, lem-20250810-bbe1ed3b/extensions/lem-base16-themes/lem-base16-themes-generate.asd
lem-bracket-paren-mode, ghcr.io/ocicl/lem-language-server@sha256:fe03b30d748220ead2d487f940352820fc49acb0f51c66443b15d427199b8ae3, lem-20250810-bbe1ed3b/contrib/bracket-paren-mode/lem-bracket-paren-mode.asd
lem-c-mode, ghcr.io/ocicl/lem-language-server@sha256:fe03b30d748220ead2d487f940352820fc49acb0f51c66443b15d427199b8ae3, lem-20250810-bbe1ed3b/extensions/c-mode/lem-c-mode.asd
lem-calc-mode, ghcr.io/ocicl/lem-language-server@sha256:fe03b30d748220ead2d487f940352820fc49acb0f51c66443b15d427199b8ae3, lem-20250810-bbe1ed3b/contrib/calc-mode/lem-calc-mode.asd
lem-coalton-mode, ghcr.io/ocicl/lem-language-server@sha256:fe03b30d748220ead2d487f940352820fc49acb0f51c66443b15d427199b8ae3, lem-20250810-bbe1ed3b/extensions/coalton-mode/lem-coalton-mode.asd
lem-color-preview, ghcr.io/ocicl/lem-language-server@sha256:fe03b30d748220ead2d487f940352820fc49acb0f51c66443b15d427199b8ae3, lem-20250810-bbe1ed3b/extensions/color-preview/lem-color-preview.asd
lem-contrib, ghcr.io/ocicl/lem-language-server@sha256:fe03b30d748220ead2d487f940352820fc49acb0f51c66443b15d427199b8ae3, lem-20250810-bbe1ed3b/contrib/lem-contrib.asd
lem-copilot, ghcr.io/ocicl/lem-language-server@sha256:fe03b30d748220ead2d487f940352820fc49acb0f51c66443b15d427199b8ae3, lem-20250810-bbe1ed3b/extensions/copilot/lem-copilot.asd
lem-css-mode, ghcr.io/ocicl/lem-language-server@sha256:fe03b30d748220ead2d487f940352820fc49acb0f51c66443b15d427199b8ae3, lem-20250810-bbe1ed3b/extensions/css-mode/lem-css-mode.asd
lem-dart-mode, ghcr.io/ocicl/lem-language-server@sha256:fe03b30d748220ead2d487f940352820fc49acb0f51c66443b15d427199b8ae3, lem-20250810-bbe1ed3b/extensions/dart-mode/lem-dart-mode.asd
lem-dashboard, ghcr.io/ocicl/lem-language-server@sha256:fe03b30d748220ead2d487f940352820fc49acb0f51c66443b15d427199b8ae3, lem-20250810-bbe1ed3b/extensions/lem-dashboard/lem-dashboard.asd
lem-documentation-mode, ghcr.io/ocicl/lem-language-server@sha256:fe03b30d748220ead2d487f940352820fc49acb0f51c66443b15d427199b8ae3, lem-20250810-bbe1ed3b/extensions/documentation-mode/lem-documentation-mode.asd
lem-dot-mode, ghcr.io/ocicl/lem-language-server@sha256:fe03b30d748220ead2d487f940352820fc49acb0f51c66443b15d427199b8ae3, lem-20250810-bbe1ed3b/extensions/dot-mode/lem-dot-mode.asd
lem-elisp-mode, ghcr.io/ocicl/lem-language-server@sha256:fe03b30d748220ead2d487f940352820fc49acb0f51c66443b15d427199b8ae3, lem-20250810-bbe1ed3b/extensions/elisp-mode/lem-elisp-mode.asd
lem-elixir-mode, ghcr.io/ocicl/lem-language-server@sha256:fe03b30d748220ead2d487f940352820fc49acb0f51c66443b15d427199b8ae3, lem-20250810-bbe1ed3b/extensions/elixir-mode/lem-elixir-mode.asd
lem-encodings, ghcr.io/ocicl/lem-language-server@sha256:fe03b30d748220ead2d487f940352820fc49acb0f51c66443b15d427199b8ae3, lem-20250810-bbe1ed3b/extensions/encodings/lem-encodings.asd
lem-encodings-table, ghcr.io/ocicl/lem-language-server@sha256:fe03b30d748220ead2d487f940352820fc49acb0f51c66443b15d427199b8ae3, lem-20250810-bbe1ed3b/extensions/encodings/encodings-table/lem-encodings-table.asd
lem-erlang-mode, ghcr.io/ocicl/lem-language-server@sha256:fe03b30d748220ead2d487f940352820fc49acb0f51c66443b15d427199b8ae3, lem-20250810-bbe1ed3b/extensions/erlang-mode/lem-erlang-mode.asd
lem-extension-manager, ghcr.io/ocicl/lem-extension-manager@sha256:212dc14e4c67f940b9b8d2ae58cd7acb67ade6006e978e7d66ac97a28fde589e, lem-extension-manager-20250802-cb19321/lem-extension-manager.asd
lem-fake-interface, ghcr.io/ocicl/lem-language-server@sha256:fe03b30d748220ead2d487f940352820fc49acb0f51c66443b15d427199b8ae3, lem-20250810-bbe1ed3b/frontends/fake-interface/lem-fake-interface.asd
lem-fbar, ghcr.io/ocicl/lem-language-server@sha256:fe03b30d748220ead2d487f940352820fc49acb0f51c66443b15d427199b8ae3, lem-20250810-bbe1ed3b/contrib/fbar/lem-fbar.asd
lem-go-mode, ghcr.io/ocicl/lem-language-server@sha256:fe03b30d748220ead2d487f940352820fc49acb0f51c66443b15d427199b8ae3, lem-20250810-bbe1ed3b/extensions/go-mode/lem-go-mode.asd
lem-google-translate, ghcr.io/ocicl/lem-language-server@sha256:fe03b30d748220ead2d487f940352820fc49acb0f51c66443b15d427199b8ae3, lem-20250810-bbe1ed3b/contrib/google-translate/lem-google-translate.asd
lem-haskell-mode, ghcr.io/ocicl/lem-language-server@sha256:fe03b30d748220ead2d487f940352820fc49acb0f51c66443b15d427199b8ae3, lem-20250810-bbe1ed3b/extensions/haskell-mode/lem-haskell-mode.asd
lem-html-mode, ghcr.io/ocicl/lem-language-server@sha256:fe03b30d748220ead2d487f940352820fc49acb0f51c66443b15d427199b8ae3, lem-20250810-bbe1ed3b/extensions/html-mode/lem-html-mode.asd
lem-java-mode, ghcr.io/ocicl/lem-language-server@sha256:fe03b30d748220ead2d487f940352820fc49acb0f51c66443b15d427199b8ae3, lem-20250810-bbe1ed3b/extensions/java-mode/lem-java-mode.asd
lem-js-mode, ghcr.io/ocicl/lem-language-server@sha256:fe03b30d748220ead2d487f940352820fc49acb0f51c66443b15d427199b8ae3, lem-20250810-bbe1ed3b/extensions/js-mode/lem-js-mode.asd
lem-json-mode, ghcr.io/ocicl/lem-language-server@sha256:fe03b30d748220ead2d487f940352820fc49acb0f51c66443b15d427199b8ae3, lem-20250810-bbe1ed3b/extensions/json-mode/lem-json-mode.asd
lem-language-client, ghcr.io/ocicl/lem-language-server@sha256:fe03b30d748220ead2d487f940352820fc49acb0f51c66443b15d427199b8ae3, lem-20250810-bbe1ed3b/extensions/language-client/lem-language-client.asd
lem-language-server, ghcr.io/ocicl/lem-language-server@sha256:fe03b30d748220ead2d487f940352820fc49acb0f51c66443b15d427199b8ae3, lem-20250810-bbe1ed3b/extensions/language-server/lem-language-server.asd
lem-legit, ghcr.io/ocicl/lem-language-server@sha256:fe03b30d748220ead2d487f940352820fc49acb0f51c66443b15d427199b8ae3, lem-20250810-bbe1ed3b/extensions/legit/lem-legit.asd
lem-lisp-mode, ghcr.io/ocicl/lem-language-server@sha256:fe03b30d748220ead2d487f940352820fc49acb0f51c66443b15d427199b8ae3, lem-20250810-bbe1ed3b/extensions/lisp-mode/lem-lisp-mode.asd
lem-lisp-syntax, ghcr.io/ocicl/lem-language-server@sha256:fe03b30d748220ead2d487f940352820fc49acb0f51c66443b15d427199b8ae3, lem-20250810-bbe1ed3b/extensions/lisp-syntax/lem-lisp-syntax.asd
lem-lsp-base, ghcr.io/ocicl/lem-language-server@sha256:fe03b30d748220ead2d487f940352820fc49acb0f51c66443b15d427199b8ae3, lem-20250810-bbe1ed3b/extensions/lsp-base/lem-lsp-base.asd
lem-lsp-mode, ghcr.io/ocicl/lem-language-server@sha256:fe03b30d748220ead2d487f940352820fc49acb0f51c66443b15d427199b8ae3, lem-20250810-bbe1ed3b/extensions/lsp-mode/lem-lsp-mode.asd
lem-lua-mode, ghcr.io/ocicl/lem-language-server@sha256:fe03b30d748220ead2d487f940352820fc49acb0f51c66443b15d427199b8ae3, lem-20250810-bbe1ed3b/extensions/lua-mode/lem-lua-mode.asd
lem-mailbox, ghcr.io/ocicl/lem-mailbox@sha256:f9c34eefff7ed8239f98286c83fc60645a832215b1c6a116a342d6e3267393b0, lem-mailbox-20240503-12d6295/lem-mailbox.asd
lem-makefile-mode, ghcr.io/ocicl/lem-language-server@sha256:fe03b30d748220ead2d487f940352820fc49acb0f51c66443b15d427199b8ae3, lem-20250810-bbe1ed3b/extensions/makefile-mode/lem-makefile-mode.asd
lem-markdown-mode, ghcr.io/ocicl/lem-language-server@sha256:fe03b30d748220ead2d487f940352820fc49acb0f51c66443b15d427199b8ae3, lem-20250810-bbe1ed3b/extensions/markdown-mode/lem-markdown-mode.asd
lem-migemo, ghcr.io/ocicl/lem-language-server@sha256:fe03b30d748220ead2d487f940352820fc49acb0f51c66443b15d427199b8ae3, lem-20250810-bbe1ed3b/contrib/migemo/lem-migemo.asd
lem-modeline-battery, ghcr.io/ocicl/lem-language-server@sha256:fe03b30d748220ead2d487f940352820fc49acb0f51c66443b15d427199b8ae3, lem-20250810-bbe1ed3b/contrib/modeline-battery/lem-modeline-battery.asd
lem-mouse-sgr1006, ghcr.io/ocicl/lem-language-server@sha256:fe03b30d748220ead2d487f940352820fc49acb0f51c66443b15d427199b8ae3, lem-20250810-bbe1ed3b/contrib/mouse-sgr1006/lem-mouse-sgr1006.asd
lem-ncurses, ghcr.io/ocicl/lem-language-server@sha256:fe03b30d748220ead2d487f940352820fc49acb0f51c66443b15d427199b8ae3, lem-20250810-bbe1ed3b/frontends/ncurses/lem-ncurses.asd
lem-nim-mode, ghcr.io/ocicl/lem-language-server@sha256:fe03b30d748220ead2d487f940352820fc49acb0f51c66443b15d427199b8ae3, lem-20250810-bbe1ed3b/extensions/nim-mode/lem-nim-mode.asd
lem-nix-mode, ghcr.io/ocicl/lem-language-server@sha256:fe03b30d748220ead2d487f940352820fc49acb0f51c66443b15d427199b8ae3, lem-20250810-bbe1ed3b/extensions/nix-mode/lem-nix-mode.asd
lem-ocaml-mode, ghcr.io/ocicl/lem-language-server@sha256:fe03b30d748220ead2d487f940352820fc49acb0f51c66443b15d427199b8ae3, lem-20250810-bbe1ed3b/extensions/ocaml-mode/lem-ocaml-mode.asd
lem-ollama, ghcr.io/ocicl/lem-language-server@sha256:fe03b30d748220ead2d487f940352820fc49acb0f51c66443b15d427199b8ae3, lem-20250810-bbe1ed3b/contrib/ollama/lem-ollama.asd
lem-overwrite-mode, ghcr.io/ocicl/lem-language-server@sha256:fe03b30d748220ead2d487f940352820fc49acb0f51c66443b15d427199b8ae3, lem-20250810-bbe1ed3b/contrib/overwrite-mode/lem-overwrite-mode.asd
lem-paredit-mode, ghcr.io/ocicl/lem-language-server@sha256:fe03b30d748220ead2d487f940352820fc49acb0f51c66443b15d427199b8ae3, lem-20250810-bbe1ed3b/extensions/paredit-mode/lem-paredit-mode.asd
lem-patch-mode, ghcr.io/ocicl/lem-language-server@sha256:fe03b30d748220ead2d487f940352820fc49acb0f51c66443b15d427199b8ae3, lem-20250810-bbe1ed3b/extensions/patch-mode/lem-patch-mode.asd
lem-pdcurses, ghcr.io/ocicl/lem-language-server@sha256:fe03b30d748220ead2d487f940352820fc49acb0f51c66443b15d427199b8ae3, lem-20250810-bbe1ed3b/frontends/pdcurses/lem-pdcurses.asd
lem-posix-shell-mode, ghcr.io/ocicl/lem-language-server@sha256:fe03b30d748220ead2d487f940352820fc49acb0f51c66443b15d427199b8ae3, lem-20250810-bbe1ed3b/extensions/posix-shell-mode/lem-posix-shell-mode.asd
lem-process, ghcr.io/ocicl/lem-language-server@sha256:fe03b30d748220ead2d487f940352820fc49acb0f51c66443b15d427199b8ae3, lem-20250810-bbe1ed3b/extensions/process/lem-process.asd
lem-python-mode, ghcr.io/ocicl/lem-language-server@sha256:fe03b30d748220ead2d487f940352820fc49acb0f51c66443b15d427199b8ae3, lem-20250810-bbe1ed3b/extensions/python-mode/lem-python-mode.asd
lem-review-mode, ghcr.io/ocicl/lem-language-server@sha256:fe03b30d748220ead2d487f940352820fc49acb0f51c66443b15d427199b8ae3, lem-20250810-bbe1ed3b/extensions/review-mode/lem-review-mode.asd
lem-ruby-mode, ghcr.io/ocicl/lem-language-server@sha256:fe03b30d748220ead2d487f940352820fc49acb0f51c66443b15d427199b8ae3, lem-20250810-bbe1ed3b/extensions/ruby-mode/lem-ruby-mode.asd
lem-rust-mode, ghcr.io/ocicl/lem-language-server@sha256:fe03b30d748220ead2d487f940352820fc49acb0f51c66443b15d427199b8ae3, lem-20250810-bbe1ed3b/extensions/rust-mode/lem-rust-mode.asd
lem-scala-mode, ghcr.io/ocicl/lem-language-server@sha256:fe03b30d748220ead2d487f940352820fc49acb0f51c66443b15d427199b8ae3, lem-20250810-bbe1ed3b/extensions/scala-mode/lem-scala-mode.asd
lem-scheme-mode, ghcr.io/ocicl/lem-language-server@sha256:fe03b30d748220ead2d487f940352820fc49acb0f51c66443b15d427199b8ae3, lem-20250810-bbe1ed3b/extensions/scheme-mode/lem-scheme-mode.asd
lem-sdl2, ghcr.io/ocicl/lem-language-server@sha256:fe03b30d748220ead2d487f940352820fc49acb0f51c66443b15d427199b8ae3, lem-20250810-bbe1ed3b/frontends/sdl2/lem-sdl2.asd
lem-selection-mode, ghcr.io/ocicl/lem-language-server@sha256:fe03b30d748220ead2d487f940352820fc49acb0f51c66443b15d427199b8ae3, lem-20250810-bbe1ed3b/contrib/selection-mode/lem-selection-mode.asd
lem-server, ghcr.io/ocicl/lem-language-server@sha256:fe03b30d748220ead2d487f940352820fc49acb0f51c66443b15d427199b8ae3, lem-20250810-bbe1ed3b/frontends/server/lem-server.asd
lem-shell-mode, ghcr.io/ocicl/lem-language-server@sha256:fe03b30d748220ead2d487f940352820fc49acb0f51c66443b15d427199b8ae3, lem-20250810-bbe1ed3b/extensions/shell-mode/lem-shell-mode.asd
lem-sql-mode, ghcr.io/ocicl/lem-language-server@sha256:fe03b30d748220ead2d487f940352820fc49acb0f51c66443b15d427199b8ae3, lem-20250810-bbe1ed3b/extensions/sql-mode/lem-sql-mode.asd
lem-swift-mode, ghcr.io/ocicl/lem-language-server@sha256:fe03b30d748220ead2d487f940352820fc49acb0f51c66443b15d427199b8ae3, lem-20250810-bbe1ed3b/extensions/swift-mode/lem-swift-mode.asd
lem-terminal, ghcr.io/ocicl/lem-language-server@sha256:fe03b30d748220ead2d487f940352820fc49acb0f51c66443b15d427199b8ae3, lem-20250810-bbe1ed3b/extensions/terminal/lem-terminal.asd
lem-terraform-mode, ghcr.io/ocicl/lem-language-server@sha256:fe03b30d748220ead2d487f940352820fc49acb0f51c66443b15d427199b8ae3, lem-20250810-bbe1ed3b/extensions/terraform-mode/lem-terraform-mode.asd
lem-tests, ghcr.io/ocicl/lem-language-server@sha256:fe03b30d748220ead2d487f940352820fc49acb0f51c66443b15d427199b8ae3, lem-20250810-bbe1ed3b/lem-tests.asd
lem-tetris, ghcr.io/ocicl/lem-language-server@sha256:fe03b30d748220ead2d487f940352820fc49acb0f51c66443b15d427199b8ae3, lem-20250810-bbe1ed3b/contrib/tetris/lem-tetris.asd
lem-trailing-spaces, ghcr.io/ocicl/lem-language-server@sha256:fe03b30d748220ead2d487f940352820fc49acb0f51c66443b15d427199b8ae3, lem-20250810-bbe1ed3b/contrib/trailing-spaces/lem-trailing-spaces.asd
lem-typescript-mode, ghcr.io/ocicl/lem-language-server@sha256:fe03b30d748220ead2d487f940352820fc49acb0f51c66443b15d427199b8ae3, lem-20250810-bbe1ed3b/extensions/typescript-mode/lem-typescript-mode.asd
lem-version-up, ghcr.io/ocicl/lem-language-server@sha256:fe03b30d748220ead2d487f940352820fc49acb0f51c66443b15d427199b8ae3, lem-20250810-bbe1ed3b/contrib/version-up/lem-version-up.asd
lem-vi-mode, ghcr.io/ocicl/lem-language-server@sha256:fe03b30d748220ead2d487f940352820fc49acb0f51c66443b15d427199b8ae3, lem-20250810-bbe1ed3b/extensions/vi-mode/lem-vi-mode.asd
lem-vue-mode, ghcr.io/ocicl/lem-language-server@sha256:fe03b30d748220ead2d487f940352820fc49acb0f51c66443b15d427199b8ae3, lem-20250810-bbe1ed3b/extensions/vue-mode/lem-vue-mode.asd
lem-webview, ghcr.io/ocicl/lem-language-server@sha256:fe03b30d748220ead2d487f940352820fc49acb0f51c66443b15d427199b8ae3, lem-20250810-bbe1ed3b/frontends/webview/lem-webview.asd
lem-welcome, ghcr.io/ocicl/lem-language-server@sha256:fe03b30d748220ead2d487f940352820fc49acb0f51c66443b15d427199b8ae3, lem-20250810-bbe1ed3b/extensions/welcome/lem-welcome.asd
lem-xml-mode, ghcr.io/ocicl/lem-language-server@sha256:fe03b30d748220ead2d487f940352820fc49acb0f51c66443b15d427199b8ae3, lem-20250810-bbe1ed3b/extensions/xml-mode/lem-xml-mode.asd
lem-yaml-mode, ghcr.io/ocicl/lem-language-server@sha256:fe03b30d748220ead2d487f940352820fc49acb0f51c66443b15d427199b8ae3, lem-20250810-bbe1ed3b/extensions/yaml-mode/lem-yaml-mode.asd
lisp-namespace, ghcr.io/ocicl/lisp-namespace@sha256:ae08006e0b267958c50160658c729c799c6e1c18d94eef83f2ce5cf6ab8bbd20, lisp-namespace-20240503-699fccb/lisp-namespace.asd
lisp-namespace.test, ghcr.io/ocicl/lisp-namespace@sha256:ae08006e0b267958c50160658c729c799c6e1c18d94eef83f2ce5cf6ab8bbd20, lisp-namespace-20240503-699fccb/lisp-namespace.test.asd
local-time, ghcr.io/ocicl/local-time@sha256:15dc0e56d0ff55bd2a3c597e67be1c26bd0677c230a15ad5098c5207a9df5554, local-time-20250808-c28f38e/local-time.asd
log4cl, ghcr.io/ocicl/log4cl@sha256:bd33f6e5ad346892e852492e7101bc18d263f9ef2ba6192178568d1b20337112, log4cl-20240503-fe3da51/log4cl.asd
log4cl-examples, ghcr.io/ocicl/log4cl@sha256:bd33f6e5ad346892e852492e7101bc18d263f9ef2ba6192178568d1b20337112, log4cl-20240503-fe3da51/log4cl-examples.asd
log4cl.log4slime, ghcr.io/ocicl/log4cl@sha256:bd33f6e5ad346892e852492e7101bc18d263f9ef2ba6192178568d1b20337112, log4cl-20240503-fe3da51/log4cl.log4slime.asd
log4cl.log4sly, ghcr.io/ocicl/log4cl@sha256:bd33f6e5ad346892e852492e7101bc18d263f9ef2ba6192178568d1b20337112, log4cl-20240503-fe3da51/log4cl.log4sly.asd
micros, ghcr.io/ocicl/micros@sha256:c9e3b2fcfcd3f3d920763dc808f775a0716df45b3c044886812a5e95f97e0d14, micros-20251217-2ec61c8/micros.asd
multilang-documentation-utils, ghcr.io/ocicl/documentation-utils@sha256:b2a1b3f3bcd1a738af85ae2b0168d408c177661eab6d6bbebb254e394d983f54, documentation-utils-20230511-98630dd/multilang-documentation-utils.asd
pathname-utils, ghcr.io/ocicl/pathname-utils@sha256:3f51de441bea45b3f83d6780f7b418ea1a243a8f6e2aa119e8dbf9f5d35f60b0, pathname-utils-20260218-c0aa51a/pathname-utils.asd
pathname-utils-test, ghcr.io/ocicl/pathname-utils@sha256:3f51de441bea45b3f83d6780f7b418ea1a243a8f6e2aa119e8dbf9f5d35f60b0, pathname-utils-20260218-c0aa51a/pathname-utils-test.asd
proc-parse, ghcr.io/ocicl/proc-parse@sha256:0880f9acb35eb9efbe1f77a981e36e84e8f29a22b14f680c7686eb381fa87bd6, proc-parse-20240503-3afe2b7/proc-parse.asd
proc-parse-test, ghcr.io/ocicl/proc-parse@sha256:0880f9acb35eb9efbe1f77a981e36e84e8f29a22b14f680c7686eb381fa87bd6, proc-parse-20240503-3afe2b7/proc-parse-test.asd
queues, ghcr.io/ocicl/queues@sha256:bf4e28daa0e4206e18cff3567b7b67e116211cf81a58a59055b139f8d7dbdce4, queues-20240503-47d4da6/queues.asd
queues.priority-cqueue, ghcr.io/ocicl/queues@sha256:bf4e28daa0e4206e18cff3567b7b67e116211cf81a58a59055b139f8d7dbdce4, queues-20240503-47d4da6/queues.priority-cqueue.asd
queues.priority-queue, ghcr.io/ocicl/queues@sha256:bf4e28daa0e4206e18cff3567b7b67e116211cf81a58a59055b139f8d7dbdce4, queues-20240503-47d4da6/queues.priority-queue.asd
queues.simple-cqueue, ghcr.io/ocicl/queues@sha256:bf4e28daa0e4206e18cff3567b7b67e116211cf81a58a59055b139f8d7dbdce4, queues-20240503-47d4da6/queues.simple-cqueue.asd
queues.simple-queue, ghcr.io/ocicl/queues@sha256:bf4e28daa0e4206e18cff3567b7b67e116211cf81a58a59055b139f8d7dbdce4, queues-20240503-47d4da6/queues.simple-queue.asd
quri, ghcr.io/ocicl/quri@sha256:e2559f91600e4895e115b42dde88fcaac3677f051335d73431888dcf7af99f95, quri-0.7.0/quri.asd
quri-test, ghcr.io/ocicl/quri@sha256:e2559f91600e4895e115b42dde88fcaac3677f051335d73431888dcf7af99f95, quri-0.7.0/quri-test.asd
sha3, ghcr.io/ocicl/sha3@sha256:556fcc3d3fcba08185de62f7bb090fa233af4f8c68a4d7401992a32e03fb9a70, sha3-20240503-a4baa05/sha3.asd
smart-buffer, ghcr.io/ocicl/smart-buffer@sha256:b8d194f5881c415fd7f0099b88dfd9e2158405c2966de15c716b155a364bf0f7, smart-buffer-20240503-619759d/smart-buffer.asd
smart-buffer-test, ghcr.io/ocicl/smart-buffer@sha256:b8d194f5881c415fd7f0099b88dfd9e2158405c2966de15c716b155a364bf0f7, smart-buffer-20240503-619759d/smart-buffer-test.asd
split-sequence, ghcr.io/ocicl/split-sequence@sha256:3a37662eedd99c42995587b9d443c4631f25c4c523091bcca31a27b880585b8e, split-sequence-2.0.1/split-sequence.asd
static-vectors, ghcr.io/ocicl/static-vectors@sha256:53e11e5689c3dbea6a3017760b55f052588003d774913539930ddc4330a69970, static-vectors-20240624-3d9d89b/static-vectors.asd
str, ghcr.io/ocicl/str@sha256:685078f7554071268bca9e933392904940d6751077718a4aafaf3d0424003f26, cl-str-20250905-69ef8b4/str.asd
str.test, ghcr.io/ocicl/str@sha256:685078f7554071268bca9e933392904940d6751077718a4aafaf3d0424003f26, cl-str-20250905-69ef8b4/str.test.asd
trivia, ghcr.io/ocicl/trivia@sha256:51db74757bc31ceaf3a643914a8ffa87825799097dea4912650e6ac62bed5209, trivia-20240904-4383dd8/trivia.asd
trivia.balland2006, ghcr.io/ocicl/trivia@sha256:51db74757bc31ceaf3a643914a8ffa87825799097dea4912650e6ac62bed5209, trivia-20240904-4383dd8/trivia.balland2006.asd
trivia.benchmark, ghcr.io/ocicl/trivia@sha256:51db74757bc31ceaf3a643914a8ffa87825799097dea4912650e6ac62bed5209, trivia-20240904-4383dd8/trivia.benchmark.asd
trivia.cffi, ghcr.io/ocicl/trivia@sha256:51db74757bc31ceaf3a643914a8ffa87825799097dea4912650e6ac62bed5209, trivia-20240904-4383dd8/trivia.cffi.asd
trivia.fset, ghcr.io/ocicl/trivia@sha256:51db74757bc31ceaf3a643914a8ffa87825799097dea4912650e6ac62bed5209, trivia-20240904-4383dd8/trivia.fset.asd
trivia.level0, ghcr.io/ocicl/trivia@sha256:51db74757bc31ceaf3a643914a8ffa87825799097dea4912650e6ac62bed5209, trivia-20240904-4383dd8/trivia.level0.asd
trivia.level1, ghcr.io/ocicl/trivia@sha256:51db74757bc31ceaf3a643914a8ffa87825799097dea4912650e6ac62bed5209, trivia-20240904-4383dd8/trivia.level1.asd
trivia.level2, ghcr.io/ocicl/trivia@sha256:51db74757bc31ceaf3a643914a8ffa87825799097dea4912650e6ac62bed5209, trivia-20240904-4383dd8/trivia.level2.asd
trivia.ppcre, ghcr.io/ocicl/trivia@sha256:51db74757bc31ceaf3a643914a8ffa87825799097dea4912650e6ac62bed5209, trivia-20240904-4383dd8/trivia.ppcre.asd
trivia.quasiquote, ghcr.io/ocicl/trivia@sha256:51db74757bc31ceaf3a643914a8ffa87825799097dea4912650e6ac62bed5209, trivia-20240904-4383dd8/trivia.quasiquote.asd
trivia.test, ghcr.io/ocicl/trivia@sha256:51db74757bc31ceaf3a643914a8ffa87825799097dea4912650e6ac62bed5209, trivia-20240904-4383dd8/trivia.test.asd
trivia.trivial, ghcr.io/ocicl/trivia@sha256:51db74757bc31ceaf3a643914a8ffa87825799097dea4912650e6ac62bed5209, trivia-20240904-4383dd8/trivia.trivial.asd
trivial-cltl2, ghcr.io/ocicl/trivial-cltl2@sha256:69470b4f6469314799074b9d944050dc4bcb67d5cbb2ba32c7a8899bb492f04e, trivial-cltl2-20230809-2ada872/trivial-cltl2.asd
trivial-features, ghcr.io/ocicl/trivial-features@sha256:e278e24d39060fc7d3715531b16ddd9ab7f93f22ade53e436c0b86dbae3aa065, trivial-features-1.0/trivial-features.asd
trivial-features-tests, ghcr.io/ocicl/trivial-features@sha256:e278e24d39060fc7d3715531b16ddd9ab7f93f22ade53e436c0b86dbae3aa065, trivial-features-1.0/trivial-features-tests.asd
trivial-garbage, ghcr.io/ocicl/trivial-garbage@sha256:a85dcf4110ad60ae9f6c70970acceb2bf12402ce5326891643d35506059afb1d, trivial-garbage-20240503-3474f64/trivial-garbage.asd
trivial-gray-streams, ghcr.io/ocicl/trivial-gray-streams@sha256:d0cc9fb73876100ee60647524f98b5b22566fa1c3a985d79548b0d2b228f8b51, trivial-gray-streams-20240503-a7ead68/trivial-gray-streams.asd
trivial-gray-streams-test, ghcr.io/ocicl/trivial-gray-streams@sha256:d0cc9fb73876100ee60647524f98b5b22566fa1c3a985d79548b0d2b228f8b51, trivial-gray-streams-20240503-a7ead68/trivial-gray-streams-test.asd
trivial-indent, ghcr.io/ocicl/trivial-indent@sha256:2969bd1dc3cefd22fd1b0c5aeec664d4217a2593fe03bb043d8b6958aabc8b2a, trivial-indent-20250813-87b35ff/trivial-indent.asd
trivial-mimes, ghcr.io/ocicl/trivial-mimes@sha256:a92350000c29520f98e349019917e9e6d283e5ff218361bae791fc5af9d17dcf, trivial-mimes-20260218-8b1ea12/trivial-mimes.asd
trivial-timeout, ghcr.io/ocicl/trivial-timeout@sha256:18f5f87e1fa3a35e5608cd424d22c2b24f581f810d9f9f8c6229b849c2f239ad, trivial-timeout-20240503-e70d9b4/trivial-timeout.asd
trivial-timeout-test, ghcr.io/ocicl/trivial-timeout@sha256:18f5f87e1fa3a35e5608cd424d22c2b24f581f810d9f9f8c6229b849c2f239ad, trivial-timeout-20240503-e70d9b4/trivial-timeout-test.asd
trivial-types, ghcr.io/ocicl/trivial-types@sha256:6c7e66c7a2c7b190cf31a78597a1de81dc4d8190d0698416a1504b0d2cf3a2d9, trivial-types-20240503-ee869f2/trivial-types.asd
type-i, ghcr.io/ocicl/type-i@sha256:de5c3e7f7b72409c5ec49885eea8c6fe2e02def2846cf97f70c1c21f21a1567c, type-i-20240503-4407a68/type-i.asd
type-i.test, ghcr.io/ocicl/type-i@sha256:de5c3e7f7b72409c5ec49885eea8c6fe2e02def2846cf97f70c1c21f21a1567c, type-i-20240503-4407a68/type-i.test.asd
uffi, ghcr.io/ocicl/cffi-grovel@sha256:130bc2ce90ec50fa3c34c33d6dd5d27a06877fe8f7027154ce5a61ca1f84e561, cffi-20260624-c6cf225/uffi-compat/uffi.asd
usocket, ghcr.io/ocicl/usocket@sha256:282856b819b22a4319ba30a15605ee934aa23292a471fd29ea4d3f2074b3f16d, usocket-0.8.8/usocket.asd
usocket-server, ghcr.io/ocicl/usocket@sha256:282856b819b22a4319ba30a15605ee934aa23292a471fd29ea4d3f2074b3f16d, usocket-0.8.8/usocket-server.asd
usocket-test, ghcr.io/ocicl/usocket@sha256:282856b819b22a4319ba30a15605ee934aa23292a471fd29ea4d3f2074b3f16d, usocket-0.8.8/usocket-test.asd
vom, ghcr.io/ocicl/vom@sha256:f8c3898b00ba064be339b7e0e0407aa7a0e6f029017ba63dcd5ada7816a7b87c, vom-20240815-303c3f6/vom.asd
winhttp, ghcr.io/ocicl/winhttp@sha256:f4955086d194e6ae1665894da2149dac0ad850d95369f85fdda4d95cd06f3641, winhttp-20240503-8611ba5/winhttp.asd
xsubseq, ghcr.io/ocicl/xsubseq@sha256:7605d14f7cc7fd2f63190ad81fe7bd65daef105d6728ee6bb59baef49da2aa51, xsubseq-20240503-5ce430b/xsubseq.asd
xsubseq-test, ghcr.io/ocicl/xsubseq@sha256:7605d14f7cc7fd2f63190ad81fe7bd65daef105d6728ee6bb59baef49da2aa51, xsubseq-20240503-5ce430b/xsubseq-test.asd
yason, ghcr.io/ocicl/yason@sha256:d4857f9cbdd68a5d1332c7f8a4a2374b1ae0dc567d4b8f90795ff38fd490876b, yason-20250323-0c84b29/yason.asd
yason-tests, ghcr.io/ocicl/yason@sha256:d4857f9cbdd68a5d1332c7f8a4a2374b1ae0dc567d4b8f90795ff38fd490876b, yason-20250323-0c84b29/yason-tests.asd
